feature_1,feature_2,feature_3,feature_4,feature_5,feature_6,feature_7,feature_8,label
-0.7174697874271857,-1.3270238748370666,-0.13544109423341066,-0.17477383805324187,1.3839118465405766,0.74562578973811,0.43231519001170104,-1.773376484078099,-0.1584398939530223
-0.741862816015586,-0.32076237832168336,-0.9842850242022554,0.11867192438419408,1.0003264211064968,1.5467464589220057,-0.2111366584805958,0.13882302460651455,0.07762596346799691
0.015819807697780935,-0.6291222510513294,1.0706001898244242,0.2686594757756818,-0.9799779836248851,-0.11965768947926492,-0.4532798748338387,-0.8518169069593792,0.25228921646634894
0.2718583696443878,-0.2971648566658028,-0.39034787074545946,-0.05846790796465224,-0.18662920345280504,-0.27828215487290725,0.8459567347780435,-0.8647629305002433,-0.30249631826913354
-1.0920519512821059,1.560372170117375,1.3896102046692724,0.5095137215802321,0.026149268360983264,-1.1874737586228636,-0.14760143685794722,1.0839939640464362,0.7039699655749115
-1.4127851286776827,0.46919027302011435,1.1475665549330507,-0.3044315756604775,0.3617859757537236,0.2652430183834935,-1.5982857612796961,0.4943308745348852,0.0930639619699002
0.5808379678311199,0.8314400112835547,-0.18035441830523172,-0.7514125455005737,-0.6791953720240458,0.2659296658574244,0.5006589007228223,0.5220281840458356,-0.09793469404478672
0.19309990378024422,0.0009262435525604243,-0.12111914335940475,-0.26973600335169917,0.5378178091450088,0.5420845531428236,0.8564711442303864,0.41643363541960565,-0.09051376686877524
-0.323481329776577,1.7101286427218554,0.5603758244714941,-0.6742325589577651,0.7993027173971385,0.49695788249482326,0.0024960512792580217,-0.2738332619676048,0.41507554317074724
0.17520984349508195,0.5613461597961634,-1.628870272131893,-0.32415099101017003,0.19411234942708366,1.8634289034353515,-0.6030317610483984,-1.405390060917778,-0.24560068637742166
-0.6531003289024839,1.0630471375668793,-0.6346265384521159,0.12842764860622635,-0.3522245049048694,1.2383711214060404,-0.1817944711042242,0.5631193430912819,0.36577862924749893
2.0036530154681707,-0.42560937410650534,-0.5355514759211579,-0.9446201852071279,-0.5490871527727832,-1.6415547038269596,0.5073895235886995,0.951032754630723,-0.6096006565656716
-1.1546657304138326,0.6091630837020124,2.1833297848385262,0.9668214088334474,-0.7672859390860046,1.1570017408712603,-0.11753904976089792,0.28523818768026277,-0.5794840621328717
0.4088913654020327,-1.6792445315555482,-0.5243756117468976,0.5766974134895443,1.482344046536575,0.39114584316123224,-1.0194097304637255,-0.1682595927207765,-0.2592312298118505
1.7586924642995179,-0.231659235808397,-0.667314348291191,0.4455572096777658,0.2648481713758082,0.8545597988392335,-0.33020705276951884,-1.0382355314383738,-0.4210964865809319
-1.8696916754366257,2.061559165844554,0.43632839796745415,0.6701671744136524,-1.720537720561797,-0.5793417961351771,0.7458964807028249,0.378219419856805,-0.1293845224524757
-1.513514818184656,0.14212179638939132,0.963672417633092,-0.3378032530912792,-1.1843417051145353,0.013509830463838796,-0.31227608606156215,0.1224032212194131,0.0339156517018214
-0.5318873494917618,0.3666858978070956,1.0205468451614557,0.36155157004803956,-2.478204923781938,-0.42643925470451616,-0.36562533663921754,1.0004103469303531,-0.2752605599464641
-0.6575134851239987,-0.3123687006967618,0.6880093545104096,-0.762149696793415,-2.0209817820701503,0.7983403590736853,0.7596464233906004,-0.38213177818071475,0.10391912245531051
-0.46483342620653995,-0.63754508706763,-0.3056256535705412,-2.4428124890505685,-1.154123959721026,1.7776477654082783,0.06655468054229811,0.8175173987045127,-0.006731204931468029
0.3434242550131669,-0.9946219421938904,1.428327236336602,-0.01370438394879391,0.17704878950134662,-0.04334077841551496,-0.9422874424142579,-0.533908533215755,0.3261534747324476
-0.8147927423076883,-0.5631911525648392,0.15150685427513225,-1.1313529644556897,-1.9828817588630538,1.5603112991322388,-1.002904936576318,-1.893555229479623,-0.5962984114184694
-0.3029479320606723,0.37089569000688943,-0.43359529487288795,0.9913044509701466,-0.6865521006401466,0.5700528651185591,-0.5540693006973135,-0.22290881143040384,0.39654147976440624
-1.8623636815480151,1.1564516406499947,0.19371124834819625,0.41248162498917795,-1.9115162871544233,0.49255758904475794,1.0652541597890537,1.2039659902055195,0.00761312920827964
0.11912497852844468,-0.3287080233211946,0.5877398242016176,0.8987428010585555,-0.43521700926635765,-0.2809163695014887,0.6991497500186155,-0.09824754082123964,-0.05887990439022088
0.5752050477645315,-0.588088316734419,-0.6235137633617336,0.4345478660486608,-0.267807936205714,0.8532435363692877,2.1565277077603646,1.269935002886284,0.3236212455252267
-0.7243474249754351,-0.7212105253257033,-1.4856312852122566,-0.17240545979940414,0.801862515404742,0.42834207982166655,-1.247818854721617,1.5450565162602432,0.13618106300662075
0.517926205284391,-0.318586292739437,0.0039287433057525935,1.532375138452931,0.15101143787739804,-0.4985183716182526,0.15168281820313162,-0.06675638856844626,-0.13048861062719833
-1.2063423220508462,0.1254230659639192,0.9324722076134119,1.67408359499928,-0.08417254935404504,1.2657548384050454,-1.132301731253937,2.0501254513510037,0.017507990755488617
0.5247199294286281,0.08814385598823705,0.444566910657292,0.2943672281581577,-0.5215761534372048,-0.804505318884127,0.6458600177460522,-0.10235124307908483,0.19644752157589387
-1.6318930085665129,-0.30676587817883444,0.3710054774374907,2.261422825889381,1.155576278357139,-0.8018748391951527,0.3112750366906096,1.0397725797789308,-0.008164989591292908
1.187206527755408,0.2805349208340422,2.0622083520019414,-1.1435689022993358,-0.02930776951563811,-0.5005445318309704,0.3695297503593395,0.4221034756751746,0.39595735795661013
1.1445923662136923,0.0702875726919283,1.1108388984915292,0.8839952602161077,0.8832373901983233,-0.5839224749308454,-1.1188258632621721,-0.8468922896834533,0.06129084762565522
-2.164427483201032,0.22626048365750354,1.394408591062782,1.0274326077055698,0.07407223062712313,0.34894427541552664,-0.5551312191516373,-1.4117690259155706,-0.8022547336354892
-0.28013795398360264,0.7000682751982942,1.0957116095453994,-0.5129871081097328,0.39085032197802466,1.2572508599534282,1.4625537353957168,0.25469715771193085,0.5135842826978023
0.4928353750421617,1.1495597921585954,0.1345106396083418,2.995777493423543,0.2565633823873815,-0.09674565069468907,1.236801511085936,-1.0545107831131155,-0.3112026035840445
1.8118395643078322,-0.6010874071967355,-2.080902218853343,0.7866521606551424,0.16857877902970983,-0.5396082318089342,0.5493064797120284,0.778045881647457,-0.248300632755586
0.4056496362778844,-1.452578088092041,2.0990379559264,-1.2663476130328575,-0.38108033841716704,-1.125473979518954,0.6161750612698791,1.2837053308256414,0.11433306869484787
-0.19988006291882515,0.9165893658976024,-0.952486147828182,-1.8879836200894728,0.03505802741019048,0.07141809128671495,-0.3060069575649961,-1.4411156890057064,-0.5105468539017627
-1.3707161506685324,-0.3565383901307935,-1.894286015187734,0.1850130108286955,1.3824055143894798,-0.34950589695647716,-0.8868229524164087,-0.24446642766504614,0.052890565460068636
-0.43673097102424885,-0.026394119560936735,-0.31900399147600594,-0.9221984553205019,-0.08648880971778536,0.5969011094923216,-0.21527256543756262,0.9975928250393036,0.12078913108788632
0.3375400840832186,-1.4643264678324064,0.6219424831903853,1.8176768360689457,-0.3076277465396044,-0.14761208102876286,-1.118446400642646,-0.5731354540081334,0.8597703815463426
1.0148372552702922,-0.13156555285307556,-0.9832535530646179,0.5200249471063512,0.29507809414534686,-0.17620706635089936,-1.0065715622521445,1.578133617837682,0.2579980738427321
-1.6183970169001356,0.6706795234943824,0.04547286072892881,1.2248668503365459,-0.12322203310932911,0.004721136227712781,1.1666048019463557,0.8037078377308288,0.0954082149973383
0.6913700759414592,1.791879604069604,0.137348821451848,0.30715912557875946,0.5490808804109673,-2.073364240936969,1.4275333321617467,0.12360356056732838,0.27860711896755086
-0.8572733029908404,0.6281779974625846,-0.6895428594309555,0.059302000425581626,0.19515699753809101,-0.24377649724251185,-0.8885054794620918,-0.37784442753199293,-0.0892416596282081
-1.1243949198453815,-1.4487632516987865,0.030176091260657973,0.2644773427579956,1.6461020394065369,-0.3517461430156237,-0.202581542915583,-1.175936125610366,0.04342204520329417
0.4713390581157375,1.3168232376730453,0.7203464227315789,1.1469889519769547,-1.6084548124086984,0.00874747477823968,-0.23816763324900478,0.1302010609286627,0.08726314738444649
-0.6866353763718483,0.6652267067855598,-1.0432793367587452,0.6729124790408048,-0.06400605115508277,1.0318688305795116,-0.6714980948302108,-1.3472221124539752,0.19851746806145987
0.4376891391922325,0.5437137491401776,-0.2500098396150705,-1.0601454552132272,1.2050989914745465,0.1902932537614308,2.160795310829706,-0.7815787511510697,-0.06968220950815107
-0.9182371472058953,0.12273903484890877,0.2836609140143728,-0.2987392840696667,-0.7550442551683436,-0.8930933930341226,2.5652362021936663,0.07706535116362806,-0.4199437728477481
-0.650833675214829,0.45283902224530664,0.7180664259142017,1.0536830473207648,0.38429105971341726,1.228467844840907,0.465356805252428,0.25497285998075286,0.291637168478587
-1.923699501306998,-1.4601494511208917,-1.1851046235785048,-0.08820952163025832,1.518372176279139,0.9703381972589545,0.8350633707704582,-0.7710369829724798,0.1797881720394616
1.7739762489872366,0.6641268376675886,-0.26729072261213754,1.3094460367503202,0.9455026716450405,1.390692738601277,-0.1571682121988373,0.13378184449868816,0.0449403778355868
-0.5038542302147705,0.5437593494793436,-0.8213314680329172,1.0413564323242726,-0.004923644579572451,-1.6818888857859824,0.6299627244258305,0.6224182551097522,0.3066697419543303
0.599986527542828,-0.2629602325889989,0.8457241618180852,-0.5414314914256937,0.40305009994117375,-0.034891432572685455,-0.25048573597236945,-0.39146013682137615,0.43012481464973124
-0.9292957545044772,-0.47251347866393034,-1.6230692470613404,1.167636162116489,1.1448383619186262,-1.0210712312899304,0.14706267483712354,0.8680229052404048,-0.25033256386204156
0.4912215025323155,0.1691629648656472,0.6837589148813081,0.800299436514699,-0.8976282280844226,-1.3184026240881377,0.42970162547282115,-0.7858577485289573,-0.0271393664708553
0.18484040655585157,-0.13655077207546173,2.2999227695939113,-0.09607300364019912,0.7359102615270301,0.5800658702880552,-0.13912757321044927,0.9977375784560266,-0.07121511505768799
0.2060739494893931,-0.8597101200894883,-0.9046293418970818,-1.1438794141085775,0.5818372681851907,0.6614275710595982,0.016928443358604477,-0.9390608291388504,-0.10014790938238752
0.1740595992354596,-0.9291398335908767,-0.1078789357147904,-0.15079015969852294,0.5226024013929909,0.7239800581877935,-0.5527279358700676,1.331762830138729,-0.3764140368786192
0.5093953797265645,-0.8821852127153083,1.750313429920973,2.1047219530733727,-0.14878899817909724,-0.5739437731554996,-1.2756808349443731,-0.7059135981409129,0.3125387529164272
-1.5452143224867207,0.4095210148139146,-0.03058415105142721,1.8158959387277738,-1.75638545335204,0.4468986249825581,-1.999641899603938,0.7153803090604172,-0.026315902022714083
-1.4975209323127856,0.15057397465018907,2.6536601394097286,1.0781285113871526,-0.6259389748141555,-0.4086076038062156,0.9654269208744097,0.1655220704722433,-0.13825676056598776
0.6493875068924484,0.1382773766522955,-0.7048720388130844,0.20214104527478843,-0.07489570293733777,1.3545456643923661,-0.4815569664242093,-0.10690248110086184,-0.12783316637066847
0.17617938792415236,-1.1704811118703424,0.8414049992386506,0.39382212300584685,-1.3052815575817516,-0.6204010505477784,1.003595319264311,0.3927071051387144,-0.22550113290193086
0.4447002548451077,-0.5289965767597844,-1.7667812193253716,-1.0576255647367696,0.3493181308792917,-0.9213166277265561,0.4992088119717313,1.506646126644484,-0.3883095612232191
-0.9057154145911662,-0.02658197549419262,0.9780039289075633,0.8724647632951154,-1.68828616279673,-1.6605386442307055,-2.619142744899315,1.364315754728802,0.18419191779302593
-0.9248612285147563,-0.2573285243326436,1.8946396981801439,1.0343422516862464,-1.5988315732390161,1.920079327696137,1.0101397836000392,1.1267566669548719,-0.42420049635031953
0.1967295752816926,-0.6384735342915921,-0.7302186210321971,-0.6657784152481786,-0.6668795470548549,-1.5622730507243485,-0.11633988899153752,0.19340060858557429,0.05101716192733442
1.5176145839786674,-0.4680609058183376,-0.5001421045944884,0.14518220300470372,0.14132700730507317,-0.7527048399509307,1.2581404687450384,-1.0494682479925264,0.14988660186636277
0.51137756667615,-0.21881581846853607,1.9304875939253432,-0.1963410814828403,0.13956301771628482,0.9205656863951348,-1.1487616948184391,0.3684511288075269,0.5930078538151857
-1.243275420450401,0.16988123125971988,-0.1552877876783329,1.1899394676866004,0.29210569014985993,0.03766428993167198,1.3627441756745184,0.6541996949847687,0.08848554315005877
-0.7274357232161606,-1.033760719574843,-1.6580508674087215,-0.5011543698436635,-0.4747865862126107,0.7342802412885276,-2.030857117762241,0.39940344145133316,0.01357232533237282
-0.06514409275765747,-0.13036962322377543,0.8290716707493841,1.8082500424689925,-0.422900490589686,-0.04816929923159511,0.13475022163065867,-1.5660524980476334,-0.24070255996132187
0.8566621535419875,0.6762553341123086,0.7457830762712249,0.8324541215223058,0.640069166571542,1.0782570140252186,0.12310665513206613,0.8402708257654655,-0.08037509490379537
-1.0075105639056225,0.5998389320070779,-1.225722382265642,-1.3623540467249051,-0.9447734202137894,-0.9718517588735746,-2.5697241279079237,0.1338772439937208,0.7137618253366369
-1.1069371963843178,-0.17628603083904465,-0.5334662984750869,-0.42551769327958416,1.0523138043662796,-0.3197745989733698,-1.294677677068211,-0.5698776832043562,-0.09645241468389437
0.9491353766446774,0.24826143871987194,-0.8327661591205688,-0.39432509770824364,-0.5092625960835433,-0.6035882880537475,0.2658142110326441,1.6775376280347158,-0.44076612852491737
0.47244035085533126,0.3533583216089887,0.3217554119359003,-0.19241438547954884,1.8637040036691865,-0.864177802730329,-0.09601408565666328,1.3014734281231097,0.40000499331624934
-1.9070277540309695,-1.1065317727686603,-0.44693160089616485,-0.8134996679023065,-0.6819295471567404,0.3758657219534355,-0.379550463128175,0.18382140823515375,-0.2616281741486843
0.6846514341217191,-0.32560352781213864,-1.7847738356558387,0.009949519900823786,0.8325287148581278,0.1938722830746982,-0.5332008790603389,0.9247869158835719,0.13697158044194135
-0.07639361818145743,-0.667324218833477,-1.3237974800971737,-1.368448812702765,1.9572938056468998,2.2648407996420508,-0.16041731868017195,-0.030274025088979913,-0.07520389368857039
1.4834595869908145,-0.7566269592299437,1.3471423526053254,-0.26189839708203067,0.5862930624615624,-1.1797031437967682,-0.1184365317952721,0.3575264149466484,-0.07746487577165806
0.7015829262154797,-1.9022249059206626,-0.2794852628050665,-0.3164953356728324,1.2744661153106827,0.3161090347108939,0.9250649221049357,0.102026303594511,-0.44075708515310913
1.051044895808602,-0.6674028255990297,-0.27711333688580014,-0.7722065306973138,0.33011292790955615,0.4142468389480423,-0.9932789163599949,0.6142231426962694,-0.08812512176133946
1.2507066148626542,-0.5422375979341653,0.6757526363515476,2.3366686295451564,0.42935787778577267,-0.4961314889277163,0.864262152266965,0.6010935728068486,-0.38012201387375805
0.08509683570732815,-1.1416789157350142,0.12342597205567024,-1.054419469396275,-0.030045595352701217,1.531377232365758,2.2780588979637026,0.19007216461931448,0.6561069351116103
-0.22553242478873448,-0.5071292245187332,0.5170910903765255,0.3957733900863136,0.19227268374965434,-0.9120540102835711,0.35720414372915965,0.693857767344207,0.21280599673495376
-0.07828489445855474,-1.8395995098761535,1.8074676746223561,0.7566087517049671,0.49541290760764717,1.930011598088995,0.2768644170739194,0.5052602132628232,-0.046313713965338246
0.6824276077011087,0.4201906048035287,1.180720212195438,-1.2720357699421108,0.7118169606223463,-0.3624677155103148,0.20861324317576935,-0.10243453378607395,0.17609353416264617
-0.5829012327005465,-0.11249878877578347,-0.28798599894763477,-0.9570074303807371,1.889930852948819,0.3601935519856386,0.016480545085942308,-0.7768827039841882,-0.029499999501759175
-0.8675759832916858,1.674712805095087,0.4745697746750918,-0.6318582425674361,0.1869165900106393,1.4649383232948605,0.012182511807334095,-0.08370306602857028,0.34283272394677067
-0.812906707674312,-1.0628757666053825,0.9129402380450338,0.34560982330630613,2.569109950128379,-0.5886009352809563,0.9638646827635109,-2.763085394641067,0.5470605391070448
-0.2902655404639408,0.5188540298990558,1.3536306569116725,0.1286439417417604,1.3790087635055834,0.8873831277165743,-0.8765195327585836,-0.32880711532165935,-0.4873672976392013
1.181119278509507,-0.44718606417873236,-0.5243002728783631,-0.7973224968128119,-0.7119524172104363,0.1860253745859947,1.7903437884303062,-1.0142057701992389,0.4107766212126838
-0.11496439937233428,-0.18110144610434542,-0.3030280038007119,0.2782217042327104,-1.6737007769949241,-0.5957174166156416,-2.9276657494919496,-0.38401385213138506,-0.3886549205887809
0.08573697268477104,1.4626015248280246,-0.36985092384395357,1.311706415686164,-0.5261838924958576,-2.5533922767189843,-0.012869704613113557,-0.8703436359153346,0.005514137496471214
-2.2278029099531738,0.39827598529613767,-0.0002749993822086612,0.39103635814343846,-0.8147980505557072,-1.4118644750243947,0.5723956191790108,1.044942423292046,0.4402126914095889
0.13314706384405292,1.4149799162181906,-0.26110883164644494,0.6368702412275181,-0.14673690973759224,0.8987694817169818,-0.02684765243607667,-0.04149243094109251,0.9026470779045522
-1.6773090228507193,0.8240196889256305,1.3211984478775816,0.23058018809219766,0.5607599509267877,-1.2535171094312143,0.8712497792811688,-0.49267780251285753,0.3300869731370676
-0.20805993210780271,-0.28419828228393856,0.61762681340376,0.81664007755375,1.446182323354532,0.22971224630923542,-0.3423398027164363,-0.4445883992556467,0.09427058918700176
0.30126901199963035,1.4987731732378533,0.09587544513725542,0.5234186783217004,-0.8979598072954819,-0.18402953403751568,0.2975108927372985,-2.3208435100098677,0.10102239934504474
0.9605354455088745,0.1658807775157241,0.0572516682644042,-0.4069059285778854,0.15401089366978196,1.0204724987886071,-0.6827411279008564,-0.16799314782699099,-0.07602428595857927
1.8676478097179428,-1.359089230315319,0.4490455298674712,0.14016725048473433,0.2590813587467284,0.46365019963975257,-0.815038097606089,-0.734403800939795,0.6072607276819253
0.07629907139938216,0.6021173640198447,-0.13179996915857764,1.6566826881934547,1.188365480479888,-0.5349315800579877,0.23101238459148657,1.0034384904416813,-0.23545785630747545
1.8695265630998208,0.056509738119433744,0.8298719613026257,3.0266820177597253,0.5848310481902681,-0.17280590762456222,-0.19197200322375232,-0.17997567594151206,0.14737692280276346
-0.5835543152184623,-0.02135535766226735,0.31246178592257645,0.8878600404759476,0.48291712262511793,-0.32107162533081357,-1.1850986564929904,0.2589068057278507,0.05965658079104573
0.034844681605637265,-1.3199035248720625,1.488776080266018,0.6841593704133446,-0.31160016418492487,0.5905235491687257,-0.15371146961515686,0.29040987940551377,0.577241565108348
-1.0550098410521507,0.5271314011689747,-1.0103421383313613,-0.4480442740418013,-1.610249315154999,-0.5226117831185989,0.23976852593499204,0.33199373500779755,0.16330335411326166
-0.9918668558350688,0.8930793818463435,0.1690144100034659,-0.10155237112202996,-0.2596455644137283,0.5660133785128135,0.6811177444670516,0.3232804010784592,-0.13046816779520629
-1.0273080110137565,-0.0846978671000843,-0.5366445008246459,-0.996578239124426,-0.9496034954045646,0.7540453334121302,-0.35565125470088055,-0.208024832954421,0.44721056284134086
-0.6020965478801457,0.1159475695288188,0.6001354087379009,-0.12671777805759327,1.566358463153448,0.9698941220322083,-0.8713173744662148,-1.413614917132936,-0.7734633974128025
0.9552693392878902,-0.315766919631104,-0.6055350159048396,-1.1304708140529725,0.6824591262078818,1.5906112711645504,0.2285533876552608,0.014485901323293813,-0.38798173705116257
0.47453350163229757,1.002537637255054,-0.27737254024377267,-0.6438873671734454,-0.18343025388441092,1.5973764776208936,-0.9597616834381524,1.1014149464397294,-0.16786848865098053
0.9201133476024201,0.7456326889519919,-1.8076028657465455,1.1273064094800656,-1.8481685572743716,0.5170539369874505,1.198600655731942,0.26193276396480636,0.0410643853325285
1.5952794271001676,0.19475782845651243,-0.5739754429629518,0.7624695126309677,0.39909010283812035,-0.042470155036741224,0.10675536783121004,-0.23428215929891785,-0.18915291757128144
-1.5143241504771427,0.05487875066364205,0.18026852336776955,0.4425967632897336,-0.40837018033932093,1.2117783509215774,0.6700787723342644,0.654927736858172,0.16839712268487086
-1.229065151733708,0.963566020757633,1.6637199626226802,-0.3862850214245484,0.04475859672991965,-0.6703888839861174,-2.1352563245813228,-1.9281998837069672,-0.39518618183023235
-1.4400688114757756,0.8265272243102766,-1.0170450893429936,-0.1151728389447371,-0.9749843007204038,0.3167802065389207,-0.4856867084059218,0.7499934480246244,-0.18866177190067843
0.5947832724570709,-0.1768715507757248,1.6906131167404976,0.9488444120799958,0.3751067216629864,-1.077616493054407,1.5416999538067968,0.39126356862486406,0.15063693465415962
0.20841792498326978,-1.708418062713826,0.09289849955281357,0.38404310978174155,-0.7984974677171406,0.01452461644830702,1.639230057894597,-1.1039453002988373,-0.3802289159965826
0.42726694176700636,0.14143462336831028,0.609646825066573,-0.8823891955215476,1.1670372064426895,-1.698801380893961,-0.8406421620326133,1.1809086049121746,-0.28675579493670034
0.6848546225699925,0.20963651528313607,0.7924265803929148,0.7819917952911071,1.5034945356553338,1.2313750433975645,-0.07931999709517992,0.18866538449391917,-0.06114500975990937
-0.8122563749443757,1.9730518560061279,0.7070062735975534,-0.04317861664746629,-1.3906869674027433,0.9692870871616257,-1.205638495365783,-0.5309420334347593,-0.3115861340219188
0.34734958089555096,0.6392453977378195,-1.0948980893650322,1.342037519614013,0.3033029828274167,0.8415113812217466,-1.9846233837671274,-2.792134008387403,0.015410244904113017
-0.10127482866128361,-1.110488834022883,-0.7219974246175499,-0.8410595125024158,-1.7986990977234154,-0.997452658049274,-0.6457213687707064,1.341373006158978,0.05150411193781401
0.09873783425915503,-0.09281700787494244,2.115190394731468,0.5276850578682809,-0.3634622022197412,-0.2750334494724909,0.6207954562419475,0.07147441465655635,0.08352096145681201
-0.8103244991781428,-1.6984462792680557,-1.075058016916131,0.6424345023007495,1.9041774124646171,0.4469381192249609,-0.1906371795025941,0.09062833700626835,-0.41311367318713715
-1.318693584184906,-0.6337844027008098,1.2701390510395203,-0.6441123645351381,-0.24685051302559172,0.027904105358287717,-0.9616598776442313,-1.381001291778102,0.26703205935501145
-1.1758239175239373,0.9305967061521164,0.39943160290437396,1.952898150781419,-0.05235381965704677,0.4878711898026192,-0.8477299385631978,0.7331373156083453,0.6148171308580628
1.1583817371782044,-0.9223123796583381,0.6779446752100042,0.17487902443313538,-0.3878301690091276,1.3013939447772915,-0.2016028214225551,1.4224885213880798,0.015177126473219935
1.648796204255577,1.7391347109987827,0.38724675658783836,-0.8280517830047288,-1.628234886854701,-0.7858923158327897,-1.0157290747146954,0.980177308994391,0.02891894413101494
-0.20423480250449919,-0.9074003333761346,-0.12012126112784492,-1.8942024560910993,-0.8966268389288102,-1.5888586822871735,-0.027264349095763703,0.09024773904774591,0.21375151756801175
-1.2313612090855832,-0.5625387337803656,0.5879905164277099,-0.6729719548993811,-1.1031514297509402,-1.0920126488043518,0.3400656385369541,-0.6389861387860685,0.015552552077708726
-0.34551554949553864,1.0631150930075666,-1.2020381377337126,0.009922607582980414,-0.9249388192607864,-0.6146038912832291,2.0389989962728983,0.6006861866228863,-0.33530048105166166
0.16468972627453593,0.10157480916110978,-0.1722861499776378,1.4987956512024982,-0.5290579959073477,-0.5262946336923892,-0.8609363870155642,1.4838170363165482,0.13135872294663
0.9714860224497579,-0.9840027672707298,0.3420205056939077,-0.29069097556870777,1.6187547194508274,1.4446585657411761,0.8201645096481748,-0.08152572118638178,0.592054445272032
-0.0005001716049454181,-0.20414768430907268,1.7422714299704847,0.123958621286596,1.1839172341703919,0.7067299601826842,1.4428189271216436,0.8008081137936979,-0.11401646351484915
-0.317515742354255,0.29536101231288586,-1.9713227587546416,-1.0281951708347028,1.7692248945408848,-0.9511338105884749,-0.13982198478241606,0.4837834356695719,0.21201533351084917
0.6846594339119066,0.10929643621400334,0.5543747559363151,1.6181687309695005,2.150349884703325,-1.237090708462504,0.36748467039487687,0.5449865243080122,-0.008765627792796993
-1.6630357253177956,-0.2074030457385539,1.5380785733888032,1.4616597157482807,0.9018796416476434,1.0889554552571368,1.1261949865225338,0.7016736114172002,0.10633687319586752
-0.5465872732315811,1.6252592888904678,-1.8605940840952515,-0.5794939279347646,-0.5524632657090225,-0.40855547235485296,0.8825545946668083,1.2570519965063265,0.0903641587772604
-1.0756916406979375,-0.5658546913153297,0.8474489113829661,-0.6156185262552399,1.72105801493901,-0.07497880387458723,2.325623979780887,0.7204445392960505,0.061843462167860394
0.12186807085464522,-0.570559485981653,-2.4495407226906845,-0.7728545682676563,1.5643585685528103,-1.6262296561401797,0.27184360989397355,-0.356583197807292,0.15890705519565712
-1.768930053559646,0.9774454287286758,-0.3704360053188306,-1.7734326830577414,-1.0625508207435364,-0.6779094185778177,0.7853796367074034,-0.8167273934318131,-0.64825627052141
2.730294306352945,2.3259367554251646,1.285634368543426,0.34818393399426695,-0.1136152576709712,0.5857157712311872,2.1246253034812814,0.739893887647133,-0.062469043007124886
0.43849753408691206,0.47376374010964134,0.18164876087092535,-0.9324437543377732,-0.40349337112131006,0.7424184547094014,-0.03763050256009936,-1.5542921184342675,-0.598348154738666
0.6483174264128694,0.7556250604901192,-0.747340019455222,-1.6739258890894169,0.5981067023206785,0.19696262749847962,0.8555074532994944,1.4434290395091545,0.33694661131675296
0.22589607341895454,-0.042544473774522154,0.24198811147571103,-2.305287837768197,-1.7395968097749313,0.30560789034940194,-1.0140865459494421,1.1485910146826634,0.47152590713348486
-0.24145087052228714,-1.263660769500798,1.4903431904007296,-0.6093675550090785,-0.715187743090019,-0.5477647634070688,-0.4632490893126984,-0.445508475294388,0.0546469395913827
0.7012653838024661,-0.8556669543214246,-0.3271622517898499,-1.6688689566385113,0.12294360534191602,-0.3605860350899175,-0.38028523184905094,1.4350689709922222,-0.14453807460120238
1.0840314555994826,1.7361455210569046,0.7820986102627143,-1.0747209388501762,0.03313014373198966,-1.1315260486479595,0.3909819346927812,-1.9347511681196397,-0.1687221081447168
0.1930303740915402,-0.05455284412149054,-2.0563352104483243,-1.9931253332401022,1.0237702896548388,0.9604491399026426,0.0636882005758309,2.116226186711181,0.01759426335393427
1.8238100894851113,1.332242688878528,-0.13876329062423245,0.4799038496140016,0.14497067161917543,0.279686907468736,0.194200792002836,0.5334682991912165,0.1719863987940659
0.10816211787858732,-0.06620812026196542,-0.03111165922292295,0.21118236794960346,0.004711123116308727,-0.7149099609390085,-1.2052470910084716,0.8522202527999252,0.000442127408558049
-0.804822020413325,-0.16205766234918217,-1.366260990176012,-1.3532584186104097,-0.07296406651119404,0.06033494853070166,-0.4087539678604556,0.8765099666016639,-0.22182544832836149
1.7193458011273692,-0.8287000228827694,-0.8550540452093398,1.569446780157384,-0.2724263453247943,1.9111357908309237,-0.9011965201866312,1.212053908844413,1.2311906890642978
0.006559858256049573,-0.7980888698871279,-2.0718147119809927,-0.9300305857935929,-0.5215517139231768,-0.3050185233998996,0.20886806394951538,0.22965350856805666,-0.1832966752462585
-0.11811997054117096,-0.06950192745741093,-0.8255516884585348,0.7813706823660324,1.9558882076990232,-1.7709862586732623,1.314406582778854,0.16806736795741375,0.14733901321080486
0.25956046553192,-0.8596400410593508,0.40119644260230575,1.4683612983828644,-1.6561108359004098,-2.8480070352677855,0.41534805359974925,0.2744413473437829,-0.22510654763025364
-0.4427118202293436,0.9295159945312071,1.9732764928615336,-0.36219647678468375,-0.07841179638846836,-2.883017361969779,0.40975955516006385,1.4433290299712866,-0.16767903985598262
1.0351029927872581,-0.18390975691763112,-0.126062353995893,1.526336370208369,1.3342056327232061,-1.3492291182822385,-0.9112309339992624,-0.13807074149225954,-0.19600353817829166
0.08494436223915239,0.25631261509027997,1.1599906039340855,2.0075190790085466,-1.1797256649766075,0.6680588286575301,0.8116709011250661,-1.6769494661519477,-0.016624442962837563
-0.7608124007929306,1.285243493141181,0.2806830100052416,0.8965366485375023,-1.2160273522286982,0.16773359740588845,-0.8182783279616304,-1.052025101599396,-0.3505710811906587
0.7049633401771729,-0.14139213101004897,0.7010692267290451,-0.8101945879470519,-0.6382142255521154,-0.2678279770970454,-1.3436603240602334,0.7844094470603168,0.5785811662700874
0.6891608092872163,-0.08831675508695781,0.46456950711838974,-0.27624416856473016,0.3895029676202025,2.134242992330791,-0.045873210961297935,1.246104567407556,0.16235644843443925
-0.17050293832648356,-0.3290848448134264,-0.05196606695463425,-0.33827743849490816,0.6130727789733116,-0.5310918792880852,1.247359299042925,-1.4904530414362418,0.1712018910646792
-0.3452920161088422,-0.3542439159795438,0.2439923095966409,-1.025260129144919,0.32283273941222207,-0.7750200244508287,0.6602359468952532,-1.2758896567575595,0.34655056908969795
0.8371147421768896,1.649236540812821,1.0391620455433321,-0.8600172181747795,1.646613414269038,0.2307916442226516,1.1333827953232516,-0.8722306502888216,0.2424437854179222
1.715847813709179,-0.7325411441186396,-0.013697149587734036,-1.0204630872444214,-0.501834604368987,0.6125702594906306,0.7358844720317083,0.2416788235111964,0.025334731743078556
-0.435369275408057,1.0202565308042562,-1.4756654701692369,-0.8638802850990218,-1.8696190787865588,-0.42431466226294795,0.7947965882519077,0.04651151647334202,-0.29045843417623696
-0.41153975509234375,0.46187296335847616,-0.5936477218607596,-1.9114020735834867,-0.24799530189482677,0.6480785853500902,-1.155530418076717,-0.5380344451710659,0.2864707696219275
-1.0152168519080922,-0.7518559900542149,0.5730316367284874,-0.31727908084021095,-0.08791745298082008,0.6610115544182938,1.5213302583429138,0.9689668472553797,0.03405094747284281
-0.9480425173814216,0.9227457653894723,0.31971044249073094,0.8640651254149952,0.47216902820741974,-0.28489368717090174,0.6557857110296782,0.17414033011298513,-0.167160090389837
0.5099992727577135,-0.9385545235747909,0.3084867257339861,-1.3054027920015978,0.3439298156440787,1.3049617149882728,1.6143325522673024,-0.7828046065367711,0.01630722534846644
0.8897199854993556,0.5502654430871681,-1.4543894633109158,-0.08799390992393276,1.023541500959753,-1.0117766360157832,-0.6124120413798883,1.9777004711956554,0.05138954670844863
1.5270897025920815,-0.8085842517115011,-2.5849614495767796,0.1730810732344391,-0.6996541400234196,1.59298531055048,0.526318503499185,-0.5632435950176583,0.4683432951472808
-0.5915125912463264,-0.04993947759686472,0.7796877969212616,-0.17813303063179103,-1.7228806290909682,0.5154037729121919,1.6450245761523772,-1.7971871757422908,-0.7148315696719573
0.448054411612686,0.6546578763859187,0.878126057840256,0.42586105108973404,0.4201095403908039,-0.3899259252988489,0.13067035072888886,-2.915540350004806,0.23993315620509487
-0.7607996632442913,-0.1366783219208816,-1.536569547314767,-0.28311165430763485,2.5143032362435926,0.6905521493220199,-1.379617228691349,-0.7484284824981564,0.4055809069328775
-0.26793754369091355,-0.8235914759248509,0.1380965278461792,0.36289395350715553,0.7717487311571269,0.9873003021322626,1.0257896618628923,-0.34706739022652566,0.17171011086593577
-0.47399052843103434,0.5795297494028085,1.6599222520135881,-0.12920339927186772,-0.47005278859419397,-0.5475090493643039,0.20157293453431935,-0.11903595294817372,-0.014338772329966276
-1.3006631004362688,0.20165898258759038,-1.3367705001885413,1.0482754541205053,-1.0407031363467611,0.7388453421333718,0.7504740491154921,-1.1819287061579056,0.5203683234263636
-0.8612861119131517,-0.9318729087349484,-0.30897794220368735,-1.2296481417485416,0.08059182856643339,0.2882874019821798,-1.5387917621181306,-0.7360395102282019,0.07881569567544788
0.21502343904169643,-0.1055509590834839,-0.9901123622259125,-0.20687131776878853,-1.304253665619128,-0.10883384717144591,0.19523835008624876,-0.20684670613755246,-0.5646248985212992
0.08309577271399947,-1.662626509330775,0.044643722734843676,0.12373597333995347,0.984898581792657,0.5239112798867854,0.0973634193724098,0.1273753622871166,0.2738339811004572
-1.2916024278866476,2.1396771752729506,1.601969999679697,0.2348973632307881,-1.6033263130401791,-0.15149433650413846,-0.7528184780288733,1.8047616800784358,0.4032149854415116
-0.05861814578018266,-1.760470668520602,1.153469209545255,-0.10962735189875472,-0.1585530000163267,2.066566515042459,1.211359556193154,-0.04882444055418404,-0.3174972233103262
0.20536863045975626,-0.3468411481352258,-1.275393969475618,-0.2832752023578178,-0.42855247990696577,-0.15993763328093952,0.27242571152163686,-1.2508183722286113,-0.23299277003500826
0.26592948907221764,-0.0024083389336050703,-0.8663003798197458,-0.8034242159586573,-0.8690091721964853,1.9329733319233529,0.5035545945350597,0.8690208748274398,0.2981582156043042
-0.030928703471186324,1.1919214587287434,0.6650847361907519,-0.8072541998820401,0.6793658606313129,-1.4963516616595027,-1.4184000524493212,-0.6007633634296696,-0.02417866131490945
1.1161983943993135,0.9238738449108617,-0.3682623873621926,-0.0012931977788680055,0.9811899221791408,1.6933082856616057,0.2586639405533044,-0.5810909531678724,-0.3183350658611381
1.6331852801417335,-0.3598074691327855,0.10712782657484732,-0.5752779031252759,-1.5035526569571578,-0.6982020000073667,-0.8759414339977025,-0.8286290840480166,-0.2830061164926481
0.730923854706369,-0.7546694916801238,-1.2549464454564834,-0.09444583991928006,-0.7785630579730636,0.25392028372565495,0.9051891194089522,-0.006840681799204539,-0.12490775949430445
1.5335052595746985,0.409381598336261,1.2721771255001924,-0.24902998408140206,-0.6036490971201429,-0.44634335596478897,0.9647424830874521,-1.3707937868957332,0.03281347479934288
-0.7918163336213212,-0.08540007096125882,-0.2506384394059734,0.09615768906525263,1.1459878980327105,-0.4629671454399925,-0.2596458198852134,0.8495983778596045,0.09361287117052096
-0.11859332883816244,-0.29123970568537066,0.0991910480962007,0.12506737289014933,-0.4302946472008742,0.27127464370261284,0.15566150102356946,-0.4671043383093324,0.2996361508161298
-0.13415710478143125,1.1442167649734005,-0.4011997857132526,-0.1514251493545263,-1.09806603002132,0.15383647037960604,-0.10846016183255253,0.23346743886702656,0.3652578140467368
-0.2830155884460438,-0.24982475751973482,0.23215628796856294,-0.27510289681661304,0.8957492249852234,0.8264858238057899,0.7359604388481951,-0.6737337247584827,0.13586664074363664
-1.2435079026954163,0.07102612830688036,-0.1739156120555854,-0.44674681922730203,1.689165961019739,-0.05070454736665933,0.21188427182439523,0.08939216621400602,0.48773712149431714
-0.41913111676461084,0.8568222718320634,-0.9869589540787054,1.6123982075841465,-0.3323762261013193,0.690860873754625,-0.8895911967762616,0.2600225843203659,0.5079423726627398
-1.2594059238843558,-0.5053101289799842,0.4831645629658923,0.40631762700824514,-1.0867767202900582,-0.7184729399936578,-0.5026156666524024,-1.4468103127764194,-0.1872213493066224
0.2799345662632264,-0.6692925939461901,0.6094293894269102,1.1965707048137038,-0.19160806226294191,-0.8928916093995889,-1.872133316839504,0.26568547810125126,0.27857409772777486
1.103769737540162,-0.7942596299991932,0.572576405448685,-0.024607956063698325,-0.29618096812675115,-0.16641754254252802,-0.6526533218262472,0.7735989059966516,-0.20514737768128333
-0.9367598057891258,2.3660326620890966,-0.09657974019869285,-1.088576258571525,-0.04900144050832616,-1.2308518325032523,0.9328291523598463,-0.49322439594336753,-0.2623452880003646
-0.05957716487471926,-0.9365280686226112,0.382730590765378,1.2640491544983916,-1.571472828907391,1.3276123282668706,-0.39195409183255575,1.4700538867659894,0.18108860232634955
-0.8205043272451574,0.7753844654032748,0.17765619428303078,-0.6248582265829374,-1.7321735499758881,3.788506238946694,0.6003236487746257,0.41420055676314993,0.2993030453191766
0.09722889146992897,0.6866554712503516,-0.03276035893360298,0.20392705760208116,1.657124771818857,-1.0812275382424335,-0.06488986815030916,-1.8070373463841058,-0.07829364257777552
-0.28461308329360696,0.6928508829581681,1.267552197842276,-0.5699369989937872,0.7189909597443911,0.9403318847772791,0.005043311025948816,1.93418811691843,-0.28184946551401774
0.36405104733099775,0.13523675141662364,-1.439832254158644,1.247863332676507,0.557942897974879,0.8912094399574879,1.0961208706153043,-1.0931280997026047,0.4537127236515084
0.7995401854293146,0.7976989467477231,-1.2714462696910906,0.4820208985913208,-1.4247640037176388,1.108768480470978,0.01416722415771381,-0.2719702490924647,0.6015071918700616
0.2594120922497266,0.7226720593701039,0.12650868592291725,-1.0918955565435307,1.159120678347584,1.2605419054573097,-0.14227723097091638,-0.3357593379758098,-0.24046930298795915
0.5813139341204979,2.756950615639744,-1.210041116744291,2.1831532206373216,0.8937328790424544,-0.7442729614184436,1.1084996111012473,-0.14376670800236752,0.07256841558260643
-0.8795516562068633,-1.503361656233067,-1.2648394309075637,0.8241569088415467,-0.9621853296829741,0.7694267979568532,1.6362416461932825,-1.3313211694515525,-0.4119443559331381
-0.30849630550056995,-0.6893712724415412,-1.106366333366322,-0.6449103688279112,-0.40053972113338354,0.00526034024784288,-0.5892954857567155,0.8002757740225316,-0.049279985892607625
-0.282772323016515,0.18209011635296143,1.8799828415906552,-1.9020690244292104,0.963269561675097,-0.7505250878956772,-1.2902062337975295,-0.7139024045565701,0.23384655707995197
1.3746412131497212,0.07328362307178762,-0.6355287431284118,1.7905250999901,0.05048465203155985,-0.05575981043734109,-1.0800137634000473,1.317868927320172,0.02237164731498424
0.5485697431328047,0.32357474157831567,0.7394484800696616,0.9798954035240871,0.3548036161669513,-0.7987642181034313,-0.3880774217064784,-1.0548304286396184,0.3560165618703772
-0.35858369115832894,2.1428151084171603,0.0011563381261342474,-2.8073288075411953,0.596664794132926,1.3523385080442856,-0.0027894684508880767,-0.4706717040198914,0.03375766720705649
-1.0963200244908005,-0.3684050606670856,-0.8561645744952144,-1.2535546538842448,0.6042539133462279,-1.3431448644899961,1.9029334652337304,-1.2744280427923191,0.0922621114630752
-2.067136465636878,0.6920412064380472,2.2888835292194614,-1.351328078451595,-0.42802572199905775,0.7476153251369052,-0.3509567046083111,-0.08042512358023397,-0.32324361263067225
0.5705319791029411,-0.7056694980854055,-0.08741598827931304,-0.06403473519490946,-0.16719379597192519,0.38475012516752605,-2.0882713361216445,0.01797332601002326,0.2319268993554103
1.1746773637487815,0.14009605550063814,-1.7741051462433035,0.5148898743183563,0.2472663704210771,-0.5642612372193021,0.686026401088891,-1.0386305648315488,0.2890491954536727
0.8344090238813653,-0.024283797423131054,0.41339864185863084,-1.5349537516537253,-2.008975227247695,0.4083734560474141,0.7742724927161296,-0.3766149154246167,0.3378258420854001
0.34631687573070097,-0.6307661157667954,1.1463367791386865,0.24524805314596085,-2.591725244202471,0.335538625467733,0.6155690473376935,-2.5033583014582357,0.36804655270608316
0.25792004355718423,0.7266587498014322,-1.2823516918574813,-0.399861832018227,0.4280364302636836,0.18738065847198052,-1.0534199676681604,1.1076343511892726,0.07220432041847731
0.4847320293169076,-0.04986980701543229,-2.752015929510044,1.72229008505978,-0.9519521603761065,-1.903823967805825,-0.748529897012959,-0.17907245574057865,-0.030581088409192207
1.4290790988793096,1.0464557927271354,1.1010038667519095,1.1090752112358508,0.32711033837609255,0.5080911616257752,-0.07536064737762689,1.0325796028900505,-0.3270542801401232
0.6365918713207603,-1.1588641233473431,-0.2962079641237722,-0.5764668076241819,0.1448365880645976,-0.15576091721227078,-0.5397489893945032,1.7322485071388463,0.008081727850715287
-0.4414319756393497,-0.5682482367383773,-1.5347737782124409,-0.4942365887810177,0.14258393483207907,-0.8740860021128487,0.07408963454308666,-1.0335130879903147,-0.3040884359396824
0.2821341822341787,-1.0013947287070917,-1.0454080670015686,-1.2313902518283608,0.35875934762150014,-1.1436791957191423,0.6827311608714818,-0.7498697656668953,0.12751758567666255
1.0389964000503442,-0.6171472241125061,0.3459742271308777,-0.5825193430079555,1.9752684715496114,-0.6591502751129438,1.30439321814672,0.6310435881206473,0.09968238633217513
-1.3759624138317048,0.07203379149194185,1.0331099262049546,-0.08744840939310475,-0.4771300236846339,-0.9810021801514321,-1.8005354872875619,-1.8495274006677263,0.27906883590556897
-0.2754858339826908,-0.026377329025610373,0.4958850028423216,-1.9396744234311074,-0.28250420516537006,-1.2576810042418423,-0.6680773801824086,0.8010877594914101,-0.047395190426514695
-1.1153624296299312,-0.6242700054307148,0.822240454492395,-0.5842689657923431,-0.8020576703217531,-1.2958750508719425,-1.085990791411494,-0.11148613656693311,0.04461628763487263
0.21317909717348532,-0.926835905933152,0.5945432166429148,0.4384069184002755,0.6819898007949902,1.2329439810994487,-0.9052303483524297,1.1194523428081071,0.6553584815747703
0.519443031753008,-0.7750972880531534,0.8757863493101993,1.2620844549900494,-0.4016074888191829,-1.1770167864533245,-1.4771466421067279,0.6341569059742226,0.06015905768723556
0.09125318385381749,0.5466725324073972,0.8812833324150243,-0.34333448243822473,-0.42513106243338217,-0.02463335010731456,0.18661084234050465,1.3369205009078318,0.0070982439620331655
-0.962175155327668,-0.8403395242119766,0.9622181581552246,1.776308966174529,-0.6682748767072689,-1.1088609796688051,0.7569819039875878,-0.3813158200529006,0.03196180397241061
-0.6151442238869872,-1.321684366528879,0.14416715119414467,0.05507196710787287,-0.330458726310835,1.5098244093937765,0.7432208315843382,-1.76801008137711,-0.2040449039626585
-1.0173634278069492,-1.5744439839850168,0.8765991371531141,-0.31732354309853705,0.41657761520437137,1.063955396768203,-0.33665449700644373,0.5898840406467558,0.25415025023274096
-1.6973132163358104,-1.2350556961711183,-0.5886115862345803,0.6599095811472623,2.534839977261303,-0.697621033152678,-0.5950042431256231,-0.5856097809924667,0.3716743581278108
0.6399710038558415,-1.1126841481163263,-0.2528819203300467,-0.44361011583989035,-0.04314100546343281,1.8773727977148114,2.0607248242905043,0.3817309010090114,0.7838397104179635
2.001210034508787,-0.3822044469913323,-0.13695156465760094,0.8260234850978955,-0.07169630119809296,0.6012041748281196,1.1010627771677741,0.8909022961809218,0.1466164848128604
-1.106167085542156,0.44239064905490605,1.3368923056479352,0.7696532360649523,-1.3056593488143884,-0.23044619996735263,1.5961190117129898,-1.1818667653367354,-0.7402600498934553
-1.5184748792206115,-0.43006799108483684,1.0452764879470045,0.9276730364253083,-1.1222915661802364,-0.33264660774045984,-0.5264456322026042,0.33923127130940806,0.20774308824260018
-1.1763942090943325,0.24984742913183802,0.16175060615245096,-0.5443403116884283,0.975959679700876,-0.9673310085522766,-1.0610318478081846,0.734351079197031,-0.5962903851945902
-1.8335985190492194,0.6839565194485173,-0.20359712943648478,-0.09071723443448935,-0.8962688010166371,1.475927809509041,-1.7221547985202554,-0.3711918226095366,-0.22088931814380436
1.2611145466532678,0.34866827625487673,-0.7551124542648003,-0.04222669953553899,0.2106380173991062,-1.9601414258397172,-0.11137854498559104,-0.27345898096793386,-0.3110687211414306
2.2385760258068124,-1.186309603003037,0.3107916287769506,0.03347554913599932,-0.2688054770401165,1.477640567976898,1.571704038286137,-0.35442773286479196,-0.145690495304702
0.45103254317307845,-0.7574429754826819,-0.9573477655921564,-0.12058874347176425,0.7646528256803456,-0.6072786007047118,0.21917857518226172,-0.32153742521562545,-0.3824231834616729
1.913275446619491,0.43071853298432583,1.2421038736408605,1.8177545089348661,0.3369546308189796,1.7972068594862853,0.4866670263049925,-0.6792327359825572,-0.5366723874136596
-0.27840462281159734,-0.7984910730573815,1.9463230053570633,-1.2467236597461646,-0.7009001714244942,0.9824565545407888,0.873064384213957,-1.182859660982994,0.3967539458771756
-0.9110937214706208,-0.4896373802877127,0.8367288029541753,0.018875928144099198,-0.14805479745833058,0.4131662502477812,0.7553232406223753,0.5202113196468754,-0.3170324103747601
-2.460537919980408,0.04811336903213647,-1.432669114028482,0.2008125254014977,0.6934409965770262,-0.42293017299880453,2.1394601539774203,0.5154594482822081,-0.1512583310953304
-0.38810544866504454,-1.0470792538128038,-0.47885454480571066,0.7537708602575496,1.739787361588103,-0.08550718523029929,0.6371085737091272,-0.8257695678847949,-0.4182012091838406
1.012500883474772,-1.697127751849621,-0.3331323227932047,-0.6723247091888463,-0.1562397907890194,-0.5164139337798883,0.013634777202922952,0.7085998287774161,0.14640769074296567
1.372607045331103,-1.130631637861056,1.2533945362542402,-0.16322693349935466,0.6099940078137287,0.3394848490544634,1.3916604426102626,0.08979470074063065,-0.02729470302809464
-0.318773906098322,0.11506426267103198,0.17580069798841175,0.6980615716289471,1.6303843871396078,1.0066097461526993,-1.5585447829596373,1.0811314958540317,0.3325434749266435
0.6483852696043486,1.6942661392772695,0.8236074669645347,1.220166287584742,0.49142706552344767,-0.569646624509469,0.8168285087509626,0.48615618721455006,-1.1451582123390145
1.352260907768957,-2.486359018352727,-1.5030321143576828,-1.0811847997562842,0.46226694804727425,0.9484393655808733,0.47325789397253465,-0.8540501871319626,-0.20907283292981294
-1.5750761125853168,1.121866139183383,0.0461596225339395,-0.04521175039589108,0.6448822044573813,-0.847392699688506,0.552903422566809,-0.2783821816289341,-0.2250796432445701
-2.1300775927423237,-0.02934812804660107,-0.18835188679139203,0.8416447248282455,-1.0302897806635045,0.951661861393161,1.1460718767410236,-0.4528023138990275,0.06177919417191253
0.10410999786580563,1.6583619362209707,-1.149517617953174,0.8981832160937094,-0.2919766326222025,-0.7260645311145116,-0.4916813845823714,0.21338793723723712,0.4280098132298349
1.158305234445095,-1.63325599329226,1.0568300386903862,1.5676617031136038,-0.2756313669088236,-0.8078611350030918,-0.8426057903708731,-0.3003798010332544,0.05901586103419741
-0.6736254353323076,1.1631133001693341,-0.4775672818458046,0.029105570196548792,-1.2675675892226206,0.7868120406512145,0.8709536781031797,-0.6283244183121107,0.11466847946451644
-1.0899486315126035,-0.9445349310461739,0.2840575160921744,-1.2203912811328113,-0.4403322286163755,2.470696198641686,1.7097058770345486,1.0843295326814837,-0.05441728150217601
0.16582988942209742,0.12228178299537407,0.4324076396585323,0.6102152069258965,-0.892261625855815,-1.3121867038768786,-0.9250561093638391,0.8410323124294706,-0.018464349501073563
0.7530801872205273,-0.5683460021239926,-1.5753738765223924,-2.6949371184804205,-0.2971272438043262,-0.24047681006977997,-0.2403692650162479,-0.6165303810877719,-0.43678626901239703
-0.313475577015777,1.1770107628738733,0.36839499035499124,1.0194358421489793,-0.5870754582911633,-1.4681721748103005,-0.7557130891537219,-0.4956629944621645,0.3509276850291053
0.057538044066904444,0.031097045583531043,0.46835310039663397,0.0459075384213862,-0.7659807781338872,0.5150445275196516,-1.4145969429191425,1.7948035897461148,0.12195233760607224
1.4945378538432548,0.2061065289471833,-1.68087655317591,0.3694616962064905,1.645805974204533,0.3952506618900589,0.12736202871070537,-0.49066627302888977,0.06421387605807888
-0.7557196356973737,0.5061405389246812,0.09963948223160539,-0.8834716750014601,1.6461104438763052,1.6723926353500118,-2.632861005429552,1.110639467653568,0.7109792264299226
0.20741589268002292,0.30516093661254357,-2.70008822202027,-1.208078571087808,-1.265478194626748,-0.9819806526965559,0.4395691609634174,1.8325529017786977,0.04816291140510081
0.46415014242955777,-0.6156228859901981,0.48903666301469567,-0.256357655678892,0.14703070293406,-1.8414447782328969,0.46957813558799805,0.25252215346970325,0.41250379802311254
1.485482779128309,0.1745526642661728,0.20347108265788202,0.8079570077683402,-0.45423059314604963,2.245532015757526,1.3530470049514056,0.3153217397228902,-0.42179664559240615
0.07075656617270674,-1.333240175804049,0.10440687923467519,-1.8511066384074126,-0.2984198284143788,0.33322853735569585,0.5561648776572594,1.0634525298883861,0.05544845431173537
0.4059225155824736,0.0077671218418853055,-0.7000500168382546,0.5245296474064659,0.4642675548632999,-0.5985245036307457,-0.027142165833657736,0.6562936040272161,-0.13548184091933507
1.1515830814711663,-0.43812290386956115,-0.1285798342283777,-1.9845110733022897,-0.14014493505657286,0.18317261285798808,0.605909070855615,0.9208311006854762,-0.40731667691626006
-0.939960274887824,-0.40138952292004043,-0.15516577355525368,0.0422271486615649,0.17433839463625683,0.8336813050955625,-0.32701012418487674,0.8342811951215786,-0.38711520189472426
-0.7778037325786357,-0.1644881274500103,-0.4408102350653382,-0.8626777107922806,-0.7672815170701957,-0.718299316289762,-0.26586817518919575,0.41856243070229177,0.33361716339282016
0.072283738283648,1.33773441627775,-0.5578446110544742,-1.2465013017477176,0.021954429566940006,-1.7324604140929198,-0.13443970905582828,1.0524887802171004,-0.3041108371029568
1.9123955902993677,-0.8352709443389608,0.42441337556176606,1.0984184008160927,1.7985545006716088,-0.38902255255844015,-0.19072352476325088,-0.06395075318281432,-0.37953752576254984
1.2444170108395947,-0.01929293506405146,0.0945284215357452,-0.5489452300122825,1.8213602733539924,-0.3085409765559132,0.2380356894117997,2.272008309672745,0.10731180324015584
0.931086971611938,-0.32458034231903793,0.5976218984849218,1.4796456765852186,-2.1381180830386444,-1.533832278101419,-0.2919650998601323,-0.2521300377166397,-0.4634377114483315
0.7771946475541737,-0.24290765631248273,-0.5968400694366977,0.4998338715131068,-1.8521748194134322,-1.1255378744271116,-0.5277581488445365,-1.6760883258426924,-0.19873615213148682
1.5511007279642806,1.5166415581247823,-0.3369937762350185,-0.0640658325759372,-0.557352470696154,-0.7453839584628347,0.8928261851344017,-0.9938782332869112,-0.09984524770596065
1.0127948655106664,-0.7611888198090353,1.3525262114632841,-1.5370783739554752,0.1941170513194849,-0.40426113053920093,-0.7620159461414604,-1.1739648520270953,0.0998721071177005
-1.8336537150419605,0.8421678113425785,-1.1399547309964284,-0.28456279512109994,-1.1789126073116967,0.7725909396491688,-1.773633495140654,1.0352541240388238,-0.08520704048953212
-0.41516251607061166,0.3471483504080929,0.23722593411752715,-1.0077565185547948,0.3048196326153125,0.6097972502516166,-0.33526216977117107,-0.6174541607793157,0.13125958765987536
-0.36257816174516455,-0.40644417234700786,0.37892270844394216,-0.7533179725953041,-0.14525450454210231,-0.8446727140029976,2.4547018912045964,-0.9792755674638022,-0.07432208199771485
-1.7768564590510698,0.5936730877546107,0.0841483288876512,-0.4187547722617393,-0.5749851250411298,2.114985741334464,-0.13057412311379193,-0.9906541153500611,0.6590705569535197
-0.4826357847050548,-1.3624436494336312,0.1672407899151193,0.23240977165905652,-1.2644040373033831,0.8694898934976142,-0.11472299635152831,-0.21500071412726154,0.2090103103793669
2.009629958884191,-0.39986104063544087,-0.14621835778469425,0.009164895986551309,0.640217067932278,0.39876862934757973,-0.4550456125392,-0.12226176714499633,-0.4922156349942917
0.07066726988515734,0.6952641239814741,1.115118795125229,-1.1738209522206315,-0.33187908074426625,0.13907681701270316,0.7108548207474491,-0.41229725411438445,-0.6664687389051479
0.5140645779688946,-1.182132762760082,-0.9940723731551194,-1.4107183239019792,-1.5500677896757038,-0.20465875302079128,0.15682784165072705,1.407228138827349,-0.38515985544893117
-0.028272306657576803,-1.3274612248354756,-0.6024732762460883,-0.4993626957207833,-0.06108553020238457,-0.9736087260932071,0.6970643857744698,-0.9950139707129474,0.1345597144642211
0.5524453270120417,-0.9504201242203538,-0.48400710537131336,0.003711707938550714,0.13480813046290238,-0.3456562908748511,2.127070181882575,-0.3055947426999507,0.20624907861036035
-1.750740227869101,0.24683256436685583,-0.5568980198371727,-0.7066991880742272,1.1667331171533712,-0.4514209660406942,-0.15035269255883088,-0.26333852924040096,-0.19752357200624593
-1.103946150555093,0.3003835720076778,1.5493233383566947,1.6058087022846628,1.0707677886921085,-0.46912753510593314,0.9147447157025228,0.6401787685274497,0.19612871760028325
0.13677582405411934,1.7526578565807243,-0.03910466761807921,0.12367322398702359,2.208144420185355,0.513706549634288,-2.2032122811863277,0.8223157894616269,0.3040640891471646
1.032897210787469,-1.3870745181800475,-0.36311940173532004,1.8426711667431912,1.68628758482663,-0.875145853444269,2.810232492566649,-0.8835141378123715,-0.08627992106820545
0.929843528958412,-1.6142790148221846,-1.3406062503908047,1.0985524130849278,0.06567280927132066,-0.41359623331905665,-0.17650601523120948,-1.1605134391460152,-0.026546515029805318
-1.2780118496823427,-0.30359496692127436,-0.8115934902325804,0.49412997685354004,2.2135015198950914,1.9244232563765102,1.8658925652113623,-0.3892282082701863,0.5965212178238585
-1.022986835771835,1.1297925794169705,1.0809728635064084,-0.5155308228413467,0.2630330508960098,1.3619576909201072,1.7397754430536565,-0.751455362843468,-0.012704904469345545
-1.0162051983523224,2.043383824232866,-1.381804518219134,0.5759180435825689,-1.045487839783371,-0.2878081400037108,-0.5291102553711682,0.5141626202697752,-0.8440679257642199
0.6996037163374228,0.40536846298253926,-1.577435361538367,-1.7408801453671225,0.19991461185936377,0.747488273379872,0.6252788910252871,-0.3967191334741387,-0.6970104749682551
1.163573662164857,-0.17290823050677,-0.3886341606783273,2.3061091961200035,1.3672103590975329,1.4895028729892996,1.0786478128068973,1.218883196457896,0.26382099589065966
0.6966795603679861,0.2658265205168352,1.4907701838868268,-1.9089818287833373,0.5731777557116308,0.35189809484445733,0.8177361873599412,0.8859586323579344,0.20689805808635162
-1.8016198735362754,0.01858113931643076,0.46331232391092547,0.06910621308050549,-2.0616118223040805,1.7198988127951087,-0.2350325480991903,-0.14587948964216987,0.31777059746507835
-0.20759315401710146,-0.363942432518558,-1.2873004876007528,0.8060947432193653,1.2436815763174183,1.560774109660521,-1.8608623666045583,0.8995029314983606,-0.6334479373058464
-0.7898625063905419,0.3493768790333901,-0.21284352779875745,0.6014630506517491,-0.727910075322374,0.4086772961856888,-0.8327069757334467,0.16018176875860096,0.31664913339930095
-0.1464388543417708,-1.1311040021091725,-2.1020091231038784,-0.3770283307875844,3.2770783212603005,-0.14387935044633696,-0.3294133850477016,0.0961561176966304,-0.5918882743837404
-1.5011389631835501,0.4719323928130556,-0.2534830942525615,1.1222688857493424,1.9393644718545544,0.6709813986591198,-1.3506464696025384,0.12676626497289703,-0.4340445780002055
0.10862608033979923,1.7757540117583024,-1.4867566465996436,0.03813021921342174,1.917191760779755,0.1471352895618297,0.9884561830658779,-2.9670681942648303,-0.26605737019418524
-0.07828460390483576,-0.1655943735993259,0.7026597211162128,-0.7965387187472336,-2.1463022471133413,0.18026503967774163,-0.7258887825776089,-0.15509569135681928,0.874655666242942
0.2447245979005014,-0.19970632659594545,-1.1838275394317088,0.4790779748166377,-0.08162397837564069,-0.64454922861863,0.5353639800931153,0.23425644197998455,-0.14770835639625646
-2.148669754195989,-0.8431941120448434,0.45931271231086657,-1.1341284771108802,-0.34170185548047693,-0.32844958781677575,0.3381937051855958,0.9827625541808822,0.16183452077231175
0.17264458081535042,-0.3379317325993317,0.6121374533284369,2.0037558459319706,-1.04902817837766,-0.6451770438653976,0.5174996195535031,0.8214844499231687,-0.20388815691021528
-0.8211228799955566,1.0091788719478214,0.34559519098925895,2.300087067931239,-0.8048222220642578,0.26678452273866016,0.14695944240493355,-0.7765772317813334,0.4698723553211857
-0.5110220856467014,-0.38453212180702623,0.3298637505982438,-0.6190888334270176,-0.41362084221294365,-0.09730076969462612,0.596902833988021,0.1856579850911853,0.17940307708569075
0.9598372123142173,-0.05826812844497774,-0.4529976207727411,-0.15452561221551828,-1.2726337268609538,-0.027841777972153647,0.9223838164199861,1.1098449528475136,0.11357203843504468
-0.17832790003712293,0.620242675207269,-0.5116558864540085,-0.9514310042891051,-1.251784340388437,-0.06176639533740244,-0.8510873542618071,0.7669277214349002,0.39906875495727523
-1.2911843224719028,-2.4338980998128075,-0.029477081365584405,1.9569456875603286,-2.173236543168699,-0.2999855113130508,0.3239959921610162,-0.26747700207516756,-0.04159928349686903
-0.32938528537219547,2.043633311323413,1.2443866138088207,2.625909427474069,0.9889798838976754,-0.9460915252694139,0.7463105988707887,0.06495890341382615,-0.21432002181991006
-0.7106849746183641,-1.230335353202525,0.6438578848119602,-0.368807533708872,2.178136113716686,0.5415232841320244,1.370186799831781,0.14645520937471365,0.04738527149715713
-0.046109394599479735,0.20469700662629978,-0.718006213023392,1.6667696211369343,-0.5273614835089444,0.003085676917379296,1.2683464706025882,0.6856376548719835,-0.4107055974571166
-0.24823100179771868,0.825373220584938,-0.3627726276852989,0.4629986210355495,-0.7833702570121959,-1.5623977083261702,-0.6076547260691793,-0.2616672847551679,0.3603313579361877
0.5635173917858884,-0.27782685616389674,-0.2076937986234099,0.0908001322530327,1.217653751778578,-1.1386506660410867,-0.07969297530249742,-0.14954622597163572,-0.3478978019706589
-2.228346061454473,0.27947243904873836,-1.983737523057016,1.252100132288597,0.3109135581254075,1.0246167586708683,-0.005042557450384047,-0.2125549203723785,-0.08943630364658083
0.13755625393254892,-1.3031705520972796,-1.248387727226552,0.3644686488198911,1.4236852213186117,0.6113599117168365,-0.3777002472632564,-1.0244554069545777,0.11278225801412356
-0.09137147642922555,0.4849809389054631,-0.8581236758665647,-1.4055232110985014,2.1068207843278097,-1.6027139276127533,0.3702205197112929,-0.11116079931947846,-0.23226038324766934
0.020136174136198868,-0.9160172170597066,0.1459749429219475,-1.0432491604233176,0.41423741120649304,-1.2595550656051393,0.09576475439366998,-0.15594273236604433,-0.5165990356010011
0.141692269092672,0.501782280262201,0.05828747377093901,0.23208908634770634,0.024153967109202847,1.1275688559440142,-3.032200454338742,0.5841979662784247,0.0010834973798933833
-0.41789710199563024,1.1734339519787857,0.7862047313652952,-0.15757710859811794,0.4626252495548969,-1.892418709001432,1.6386564180864198,0.7549272046076857,-0.05652355215119045
1.3136410476376734,-0.28469226112702084,1.0358230108300872,1.3867010714098376,-0.05081781995918247,0.07281409824876021,0.5401588029545915,0.5972639061891037,0.08173138272801449
2.085784809644861,-0.030939951405217454,0.1890989390707984,-0.1100481291140129,0.19035209611996712,0.2997794434532282,1.1024567060509864,-1.0849128025948476,-0.26847498992785296
1.2984158451401824,-0.020556400439658035,-0.724811341724537,0.470861198302285,1.364085617318539,1.531132718990965,0.2869985386532168,-1.2359229808338021,-0.3660633718809294
1.378462846808341,1.1837188148544844,0.5157881421854584,-0.23225739244165858,0.6414387206954361,0.1389360947361021,-0.14737592630395838,0.8300464923467589,0.09892582564997972
-0.15132582397438107,1.065726370621349,-0.18671156842840908,0.7715319088175059,-0.11513023963251265,0.5324323817814531,0.12804558193451807,1.5323490035877005,0.589342847250562
0.18778839941005906,-0.607506506369554,-0.437842356013947,0.024853664192687513,0.24051822276306778,-0.8742260884362829,0.22905230079420497,-1.0414499764585654,-0.32154750213019484
-1.2004903648487135,2.3354657211412113,0.060769506888153184,1.2522715294718223,-0.17436158217760872,-0.2512806317531144,-1.318041067751005,1.1702535048611498,0.38492001258504416
0.6444250140170126,-0.7828375814021497,0.8402271279390384,-1.1932441068727238,-0.14276048840312328,-1.2825745962216437,-0.2733774745748688,0.8321801198012599,-0.02602552777972708
-1.191100102527974,-0.08347924004634527,0.44751978905156764,-0.4819239147186406,-0.5462769657364084,1.0354864831267367,0.6330885587315217,1.4919433464426128,0.10385247649358594
0.03872983644186825,-1.4399071576636313,0.39657703418780227,-0.331089929365773,-2.31453615204852,-0.6884962588037101,-1.9730516301534995,-0.5023063708025083,-0.5544961637055492
-0.8230740114651398,1.1022402585091204,0.6528419900199787,-0.08722817316760363,-0.015058435384550145,-0.6420356955804734,1.024467629886284,-0.6046032228337527,0.026900473768177245
-0.0652046351812292,0.0695264319256434,-0.8233587131328153,-0.4339739324887769,-0.4309271611454241,1.2208102567395092,-1.3990326487006717,1.3507807394987228,-0.20211725217550255
-0.031213876140346104,-0.38899623528582233,0.9373352571040475,0.722403108605086,-0.16089381829429705,0.27189363326512045,-0.3562872450926653,0.5715267623318566,-0.32998995632181405
0.30084924266389634,1.1166576919029034,-0.7119442471933657,1.5685333595654247,1.0374388734446414,-0.4374829749399453,0.8645280898967419,0.4127614513218013,0.190404255145444
0.7005309514853945,1.2811227647377186,2.102289416630281,0.4181215067459456,-0.14371492668138905,0.8259575836263191,-1.1405785384282852,-0.8664273136165606,0.5084792188982346
-2.1400223118873334,-0.12018282435414843,1.0477374410502367,-1.4094673536469424,-0.40534041623584793,-1.6678963863138483,0.8840030064589803,1.3607400940470622,0.10874279484264576
-1.6815181431193231,-1.6358988461581707,0.9463680121561623,-0.39352788072883366,1.3536282459711872,1.3830109258299692,0.6215186651545591,-1.6611512991796296,0.04732707774416044
-0.5421636739798987,-0.7968586259940994,-0.6559890608543747,0.6691433945346578,1.5937829603211928,2.294324033809741,2.1081105443596195,-1.1306122922582404,0.16412124600640896
0.7234989324229273,0.7107663002888276,-0.11210275781551814,-0.14821404046820147,0.8480757301093459,0.07638602171723098,-1.8093480401398616,0.6566239265780587,-0.33256374710334347
-0.6109840669016049,0.7969253229501567,-0.9712695832399247,1.3103611433698985,-1.4295098972065494,0.28453156045521893,-0.44884564644859243,0.32274901556324903,-0.43176012452406765
-0.13173727786784836,-1.6669077042407814,-0.3645506108447716,1.036186725937772,-1.6698543150113148,-1.918810228828798,0.1335132618284496,-1.250973790344568,-0.04947570445750271
0.4277534247013697,0.8752833522135006,1.0781929815219726,-0.37705841136427914,-0.22401696774849125,1.3747400882686531,-2.1480026967905053,0.49001221025465636,-0.49320530078341707
0.7871388837040729,1.1627293395362313,0.937840242312994,-0.6416282692048547,0.7709769921179969,0.548031423454359,0.13149438744606218,0.17646416514250451,0.007499019498531351
0.025098540090759878,1.6881423072469162,0.7832147344885707,-0.743817241382221,0.3857267931643116,0.1685251487812536,0.3693924078150576,-0.6099669396159288,-0.32143989563912795
-0.8219253938687305,-0.38765799845166926,-2.232868910597758,0.039518927856441184,0.6632967242787142,-0.10923832094596762,0.31778397116806995,1.3143131880587569,-0.05260700226042456
0.327203183226679,1.4246521932547487,-1.0489082755600032,-0.42902164940097304,0.7496086848125612,-0.7206666356729735,-0.6828466449929057,0.30427809168484476,-0.13336855553852892
1.0293374790606618,0.3274922891021461,-0.3988452727127081,1.2088699974855337,0.08210310929682281,0.07956334085506264,-1.3475163152740364,-0.5295250468232638,0.5114198417822164
-1.114016781922121,0.6858728147452264,-0.36240223278442424,-0.6961574741443038,1.4103499638317323,-1.0461577154275972,0.893321806831554,0.7408451618080465,-0.13798302159397716
1.5699595143078584,-0.9303157311210599,0.5699320442975159,-2.6846817361800506,-0.47283980589414515,-0.0461910748097907,-0.10373235631629676,1.0099570296168712,-0.0670256278916192
0.19846449292989612,-0.8987715827676952,0.615532978617829,-0.6266725806771578,1.2671475116268522,0.3231124720484563,-0.649592252493904,0.012178969792533701,0.08616074622178665
-1.191356069365212,2.278259413538013,2.0759430901787166,0.039080791621891015,-0.9454690152434596,1.0934734208690953,-1.3402906786336533,2.0959475246632104,0.19511643259094455
0.5380538097311317,-0.8590896756069453,0.0083722626183696,0.12030814658375742,0.8494989966959018,0.39253786608670177,-0.08279726425058326,1.1354979129792102,-0.16516345023255014
-0.36680803690734093,-0.6232140204297067,0.7284993495673165,-0.7637251539499162,-0.4156149878980715,0.2791536601801634,-1.4804306566111396,-0.39692239652767913,0.07537832502089509
1.0166280224553248,-0.18042365509212324,0.7585033348152864,-2.086197473303729,1.2459740935668848,-0.9839974771231728,-0.7247698530997237,1.6381917342305288,-0.2563879467230329
0.4522385618592095,0.20301009719632707,-0.8623376880489607,-0.5150912257260063,0.07862496626157534,0.9531731655831571,-3.026195894603366,-0.08677872560134386,0.06964660540377708
1.0887930767764653,1.2534346988304863,-0.09868775799680836,-0.3652415771097685,-0.7074298565266351,0.9048141069622405,0.6415728055918191,-0.10548119788977649,0.05820382458132192
0.5406129848586386,0.8029791085867091,-0.6413042190543276,-1.5749240621338905,0.49390490259203307,-0.47187688716801923,-0.7408972824652249,-0.4103974734836565,-0.432650696274266
-0.9295192321733745,-1.8574841757492058,-0.5484302707106979,-1.0224982770817967,1.617697333833856,0.23040515451896584,0.4077782225443797,-0.8499135505078932,-0.46216105691376974
0.584941368104593,0.1594335198352049,-0.9133480294131747,2.0223849875273427,0.9538871640694769,-0.2854400749611644,-1.1343727385728144,-0.5062907470615322,-0.18599075477232413
-0.2172917923296969,-0.2705868559305724,-0.03643449402164191,-0.16814800963875454,0.19220287956835116,0.09989812335479793,-1.4788396966336517,1.0384413389056175,-0.25822704220641907
0.7862294966756632,0.9707245367871287,0.010268744213485625,0.6125191057001763,0.09222133357512677,-0.08729670096307036,0.24692979504405999,-0.6829376407757961,-0.16105953627747757
1.1180726808223653,2.709051868660507,0.20369900297882487,-1.2222956420911986,-1.144623632755249,1.0381230438055737,-0.5484357890734786,1.7934335912081383,0.048750835213689545
-2.1646514423580556,1.30652918941863,-1.7668478066199216,-0.8556781355207855,-1.1967530742027055,0.24716785114168738,-1.0584702791694087,-0.3078197633251289,-0.35409683197198494
-0.720416062266334,-0.18564272776659835,0.07787345211074696,1.7684718181014234,1.1348722349377411,-0.5706302070353805,-0.49108603761017355,0.9104810621845705,-0.08109603626731837
0.9382501566592764,0.011976980156444867,-1.394276606283554,-0.788603862825186,-0.45584475115769074,-0.7694083395347054,-0.7251537502885591,-0.6688925128942913,0.2825323546134836
-1.8601493526947879,1.6658189431853987,-0.4223796872319304,1.3690028010235258,-0.25671509402583076,-0.43271671411646545,-0.524152615453507,0.29984651046609045,-0.14067107015264751
0.5880494209825204,0.42096837066014575,1.015273313861154,-0.5514305929239379,0.2238108020761638,-2.0388767889200583,-0.6192109953782825,1.419309311534053,-0.4520963601540902
-1.7998857410340718,0.12896336777490422,0.9783487009026055,-0.2848498937349435,0.9598853125520181,-0.9858949555084493,-2.5627523987561873,0.8548120111483655,0.27326097852651743
-1.5877003037830832,0.7125852260951488,0.2631058406775806,0.22725099214893996,0.8045119496125452,-1.629503472669406,0.8961938401308026,0.9506370497931449,-0.30575175816378886
-0.9147963126415397,-0.7561701957123464,2.048940263663031,-0.9178519815270658,-1.0757962411208675,0.5182169551875189,-0.013862190512387358,-0.06992283358389748,-0.14318860244913195
-0.5254479128300483,-0.1971871943694692,0.32432456357852535,-0.3179757813143633,0.19300569916811883,-2.7092711050526583,0.607334626116439,-1.0035747256565906,-0.03699634330246575
-1.2199582196301935,0.31155496165098195,-1.4923585231801957,-0.1511328770876147,-1.6351444271289768,-0.5226087676656646,-0.9713492291712651,0.5665553828052143,-0.012987380892862043
1.014600342892721,-2.3714976985334877,0.21607539851115945,-0.7838897843727861,0.4802228967830761,-1.3718907345375273,0.2821307015814162,-1.2441661726332398,-0.07509530004332157
-0.7106930192423762,-0.37418544675538573,0.703433365510611,-0.5497141886052433,-1.6193945094692355,0.09782906936151631,-1.1800656001496492,1.5024756532973194,0.44837447752455034
1.7305195338211665,0.44683227583182794,0.28195326163826345,-0.28053847388707254,0.21072025708559342,-0.8523118562017177,-2.4691372241063427,0.11380467338295219,0.2354666341979894
-0.5164392082805002,-0.6388761666299332,-0.33956971757966,2.0090784924514633,-0.22668351411201818,0.1041392109531453,-1.289216104196176,1.2300656519893554,-0.07779258136552991
1.1624270475680414,-1.7283195628205403,-0.48000745132288924,0.015811141346747302,0.5165984575115866,-0.13707699181227095,1.3272291514899075,-0.31136350035816807,-0.10517766870857181
-0.6300737327055941,1.5894243833396793,0.2734293417290727,0.047712747911956184,-1.165485926877787,-0.9113197565854938,-0.07473583023536984,0.47373227501779325,0.14725698994617412
0.30006194063032027,1.6120211733472036,0.48522594540438146,1.9433908647502682,-0.6477562413869027,-0.3133580976422781,-0.9943913124850493,-0.5947672563405045,0.2661484823095568
1.252995104002308,-1.5234030326339507,0.8863816427751989,0.7303526381429569,-0.6691415929704485,0.36296193589438497,-0.3887500968653524,1.1576284485205635,0.6778678922998517
-0.08291716608834562,0.7325979219512677,3.2169238454321483,-0.3446069754600857,-0.3861804454943367,-0.28111845201308955,1.7697039834656227,-0.076380621091482,0.022223397874192218
0.1265744286533599,-0.07158221864592704,-0.00810549775613439,-0.03388415377185319,1.7542405912622876,-0.156179676885217,0.5392407427748387,0.5813731025403553,-0.09042957305499472
-0.8997470761067529,0.5775080557913447,0.03335278902409444,0.35215181647874827,0.3602382947172599,0.6316054368014004,-1.4922622763898934,0.8358632120065667,-0.024378437869354785
-0.31113597656097464,-0.07043096112696857,-2.477353202398654,-0.5318429830404191,-0.9525117900228478,-0.5300390169219423,1.4263947468673144,1.373090342217849,0.4670007553703109
-1.4361265148044253,0.012167488806438698,-2.7618975585077488,-0.4766114181898117,2.1915430910332883,0.05386992999140058,0.15503818420029725,0.5691541063711192,-0.09914235133298538
0.01712636830336595,0.8859349145108321,0.8465624085357767,-1.4811378446752677,1.4756145463161838,0.7689992399995395,0.16442128366332037,0.9533510201245047,0.16718684315624505
-1.0440226995705435,0.1815341999516675,2.2774704966388266,-0.765329025620314,-0.8750651210191351,0.5226321545823726,0.4548289118467852,0.7654233470790431,0.23237246609198747
1.3286194370269164,-0.26835985799368345,1.1147729315279378,2.586281008424247,-1.0551841815244467,-0.0674846550237602,0.18618109288509374,1.1381956513326146,-0.5104734071143135
-0.2797205257769185,-0.8054679799952831,-1.4089266465796606,-1.5209001310593222,-0.14381231899220634,-1.5326482814702203,-1.8923635682079252,1.6517238958822764,-0.1455861785129685
-0.24242303765686074,-0.936761202313488,-1.0437771857925826,-0.7999630595690865,0.5303961124230974,-0.3886688515750554,1.8073054175088377,1.0506499117873505,0.08585974179856029
0.841809771710359,1.7142945146333788,0.7344559200960621,1.1029529912561553,0.7886445737426343,-0.030983703197171798,-2.3287586065047563,0.7442056085609546,-0.28252769322023313
0.4347825694087226,-0.2856775827172753,-0.12056654919504174,2.0940629822865713,0.6383524404194034,-1.8668085240993348,-1.9265458147530963,-0.3564452662574196,0.22798068303604602
-0.037125531068522614,-0.01387209781063314,1.4508507877729901,0.579450286091313,-1.0346919677704258,0.0079731044973972,-0.2620458110333796,-0.370335062464402,0.19359110866240345
0.104924170798926,-0.5041809885889539,0.5325195681179216,0.8489476394592276,0.1362149768994776,0.18632852507754183,-0.7732162265241319,-0.22361817395167025,0.49308090938597327
-0.39763469948769187,1.4663303394072003,1.33695451437367,-1.8077672672553546,-0.21007368896414244,1.2695023296908134,-1.3725148131317997,1.0909829284002321,-0.37902749735667934
0.6649419820537413,-1.6917404789515804,-1.0598687390504318,0.2689894155560686,0.6190868881360285,-1.5075279874312348,0.307383285825715,-1.5033557419819676,0.012167106132543279
-0.018558114740384355,0.5346837263566091,0.15126707507002682,0.007604118001614082,-1.4832286832062886,-1.8526883551090558,0.9436202427106904,-0.2112088098256388,0.43443355515283116
-1.464310139854643,-1.0450181992102754,1.724027613149993,-0.4618718085565683,0.1489131331030003,0.05636063763216557,-1.4409223579193222,-1.066990456733171,-0.017957525450828474
-0.3898080532175278,0.32799569138825807,-0.24377923695835052,-1.2180008835455303,-0.8671791334106,-1.4093925986675775,0.365240466969128,0.7976378327158101,-0.056036858159894475
-1.1669945104608423,0.05676065898795994,-0.38720540677890575,-0.7564417323651038,0.15997770254005406,-0.3603316805293247,-0.4053192200221263,2.0660093960307138,-0.3268905238219377
-1.2243903021398403,-0.07009842952573558,-1.440741690401141,0.06669707572117523,-0.6314353004613367,-1.14448677203118,-0.37010274421147865,0.41098025531680454,-0.22027242343083372
-0.4052360988416674,-0.4630450810966404,0.3334908693390404,0.1296564425463662,0.5351963890742802,0.18133023671610893,0.3692109506956896,-0.9460731602763128,-0.24459790164450115
-1.0512006431875196,0.012287842045587263,-2.5487277497707876,1.246273966108048,0.4661372868036428,-0.2805145430679134,0.7732492641057904,-0.8881632378641566,0.12037744343338391
-0.5255353857410968,-0.8282655410410434,-0.16027171510944854,-0.4074986049779338,0.282867135255128,0.32081183901477606,-1.5993399559381118,1.8573665840648563,0.5745252800245205
-1.2453651277623816,0.7755013049940093,1.2409692213637407,0.6611954164150723,2.2845193240974915,-0.6975679221043326,0.26280521156733555,1.30171137467679,-0.10415216629700272
-1.1420978785427833,0.7709322305845544,0.029245274586236353,0.6969524177289185,2.1180606194539027,-0.3787446699206223,-0.7632304083267737,-0.5113650635571606,-0.5660196671912759
-0.6845545782229774,-0.2546882125907472,-1.4843770679731951,-1.167510940646657,0.2972046990520852,-0.5097713616841539,0.04873119747722592,0.007523900088754368,-0.40849135863025826
1.1471426025369598,-2.2464913651305265,-1.0489108893327663,-2.2841884122080596,0.39688472237653455,1.5545261229733442,-2.0746882175729464,-0.19273159244530993,0.6518753038943798
0.2609506395621251,-0.2580824610473308,-1.3178432572555199,1.2653686892261717,0.05045239990584666,1.5192435713581929,-0.9649035167281255,0.07197868377380313,0.27100739048714795
-1.0339530915176975,1.969953485384584,1.4676428532340586,-0.25613402784946987,0.550623259749608,0.24640071307053607,-0.5986377533866505,0.28459187338143066,0.25375559043310825
-0.16025652873276228,-0.6261022125554784,-0.589360244317859,1.0710642331439355,-0.9971764547602131,-1.6680488043577013,-1.865166795820415,0.7053872098275376,-0.11505933136560233
-0.24501236378510188,0.009700385016492962,-0.3897232364067312,0.2934970572563383,-0.08755097772252161,-0.11616985719495941,1.3426215450297718,-1.0448109126330005,0.17956165339691593
0.5278385858086816,-1.0224014860111388,-1.6499739788816512,1.698073460715207,-1.0688138349800944,0.9769268681480849,1.4001087174926665,0.10298300606525154,-0.14584161531220433
1.2181730142827067,-0.5079004024592865,-0.8907683615124243,-0.6524897636478868,0.5119098107946415,1.0556639035985527,-1.0118833517378074,-0.9054671432390949,0.3219756901602047
-0.09969558847688983,-0.44964850369094,-1.43808585068719,-1.0873838360862178,0.37779187668158004,-0.9473304445759143,0.2191617023252128,0.7030221324524644,-0.2107497702878097
0.09719826935273004,0.1253443536163118,-0.7944520125896574,-1.0146778165617887,0.6461515742497083,-0.24441130916915152,1.0760386835632954,-0.41442778746386894,-0.15208426656158433
-1.0124769569870742,-0.8748879095059672,-2.402669851258844,0.2641019589383371,1.215181088343416,-1.1363891116615368,-0.7710325838910734,1.539001150974346,0.035898262540860384
-0.22676085135195195,2.34929276470463,1.5900847971656704,0.7185216623585536,-1.7575601841671038,0.4772360018280031,0.7564873483239636,-1.1057780109856388,-0.19626379046167544
-0.7279318671493014,-1.054369777317657,0.6604333650220637,1.2622852264037505,-0.130095164015554,0.8397283526232464,1.0933796025856235,-0.39299043735947947,0.13299431835630401
0.5716473030914608,1.3207463735769043,-0.3241698765834191,0.26300120519420633,0.4113997917376081,-1.6112403555338688,-0.45809664471237543,-0.2816011012732051,-0.6499078354894062
0.3014881112701441,-1.878891621521631,-2.14050136876841,0.011265188652290745,-1.2155595094204152,1.1956635663092225,0.5726264569263334,0.8668541599184235,0.11711895856864057
0.7009482807761589,0.03255333373264135,0.15642180075763745,-0.47106359003793347,-0.301885226524054,-1.875696999859333,0.9793968622742505,0.1537768774523137,-0.26178946869793424
-0.8154108903561292,-1.0264649856884116,-0.298759539600305,0.4528859013664837,2.561124714182905,-0.043538073354212115,0.5142484126642468,-0.4481051383946279,-0.0064507386394371535
2.0514293685504987,0.049016213447586214,0.9662494161224221,-0.8285944992465822,0.9273688687731386,0.13938912360356945,-0.7438453939228622,0.6831577525214664,-0.41057218612714763
-0.15853158467135972,-1.800531829197545,0.958916027943673,-0.7593228151180792,-2.0729955329420293,-0.9541529288761664,0.09359905499545307,2.319553551436438,0.21693570529416611
1.8278912949723318,1.340408686496456,0.7372133005391254,-1.0541771012376249,0.23365076067133292,-1.1897761113710972,0.9093933025009242,0.7396734576194638,0.12748785091237413
1.035259949758537,-1.3344994102579677,0.2823980686179296,1.6079002505619817,0.9463721214265052,-1.2888093158658347,0.9815823285697475,1.412290813687995,-0.18970161849945635
-0.9761105791273189,-2.4780588518771705,-0.2357366023979767,-1.4122536821720515,0.5147135561576843,0.8237919625816401,0.17092635472693096,-2.0143199711808304,0.1906978656158189
1.9350316842047701,-0.521314640842151,1.3359336176264704,1.6795150526422697,-1.5479646053852987,-1.3159218701462743,-0.821543372932423,0.9892211807360897,0.1838183074018631
0.20707702173795098,0.4854438094012963,0.9591573745341995,1.8680529585085424,-0.3554977336331509,1.2848889045687184,-0.8764402331431138,-0.7949264095227565,-0.2766604435210442
-1.1656975949208743,0.3064171282158538,0.6894843344936812,-0.9518732729440599,-1.0060939527914767,-0.7497273865456153,-1.1611838609830418,0.44834969966482563,0.5919878680013979
-0.222222345384469,0.7445358279619976,0.535900097686704,-1.0798168573711813,0.38497206241993326,0.34243538285683284,-1.1103545903044243,-2.1171542697762242,-0.34595299457842454
-0.03881990002017189,-0.7240342978483423,-1.3586244402615677,-0.5143755099236368,-0.28031425162699847,-0.3311080856437884,0.9615955874579263,-1.3954425208637475,-0.03345004544038576
-0.3578787220724045,-0.29853410791062085,-1.1394178288252506,-0.2633226029130894,0.47467232249959557,-1.0838402180179758,-0.5627837876743679,-0.2137700092093832,-0.5760895939135818
-0.8937104632882454,0.9005276604125638,1.0664559353384175,0.8266868653323804,-0.7248496576715321,0.9271931108340485,-0.7802433873849327,0.9419625106756901,0.5123501534797631
-1.0094483736500917,0.24028308779031968,-2.2256015768709108,0.37572810982624355,-0.46312023180887096,-0.8331748965787833,-0.4910722623919985,0.07682546921788948,0.7100918357469299
0.9953577017467142,-0.7911782658718217,1.1437539483937706,0.7137806568616645,-2.4241063760051125,1.0437596336277746,-1.507857567146186,-0.36823679950363086,0.6111619841952235
-0.4205995659026049,-2.4976434505962852,0.42334360134833526,-1.032289188119611,-2.880460362448907,0.3334498326039104,-0.3401219048868805,1.0458844796354732,0.4171852420711069
0.06385089767035484,-0.06761526364207564,0.9494125507977903,-0.048743439533720095,0.6592394078323743,-1.5873432104000662,2.075356070923657,1.5449368581724312,-0.14303199433912003
-0.1301996877015428,1.0528707103802355,0.5678336799749419,-1.1477058318977942,-1.361530512754219,-0.017499812767619097,0.4011611048269303,-0.20192792143204608,-0.22312298412034098
0.24315492850449957,-0.7215178777022002,-1.1185816171875615,-1.1191565283335818,-0.7599894427855842,0.5106332430161704,-0.34058644512306013,-0.2676305346485524,-0.051737618088863055
1.3512366844143295,0.020997669967822586,0.045235238411000245,1.1234245531709843,0.21197587308632487,-2.152866485257335,0.08476236463689409,-0.2735387517779827,0.4087759132990508
1.4258953119104951,-0.672349682520811,1.4029761872114652,-1.1179073901634073,1.1841588886286454,-1.2183781618694445,-0.7124234755525307,-0.03135333366286275,0.564365885357729
-0.7935265740048918,-2.057319724891756,0.30159002692350584,2.029212330623534,-1.6882218921807324,2.1791595805819144,1.1878014398008454,0.12076718830832361,0.04450365717950752
1.2320108479512781,-0.12845547820994913,-1.1042881352040328,-1.188832066673267,0.08944895372432793,1.763843826096331,-1.2756382640360049,-0.4093322319785172,0.45174574868055756
1.209859180370808,1.0905403913784395,1.1289673722984785,0.6808494527370307,-0.12383620346618199,1.544528980810767,-0.9036964371601813,0.04951329768114019,0.4091612902114401
0.8376248094311176,-0.32846357187345143,0.7261874726419086,0.7498936663978659,0.5272195530683405,0.13562574701041455,-0.8564551110895887,0.4914803799185336,-0.37286424530614326
0.4639181187807333,0.43054789298381707,0.47013820626360897,0.1554165625975471,0.5565307537989641,0.8361164582298406,0.32351344527647524,1.5701357684600799,-0.41253891872803217
-1.6924035893026579,-0.11443800556219474,-0.01549792461000021,-0.9510191570194616,0.21544762022569425,0.6256107580018689,1.5406202873523827,-0.9908579722849223,-0.5757361992001684
1.3134780586095458,0.9019594760471608,-0.3926709264893601,0.18193372974293054,0.5267280666980164,-0.8148564445856756,-0.2520578676842724,0.6642200222142796,-0.20432445908263103
0.05649272048016185,0.7213660922273425,2.0419427816175713,-1.095793707668446,1.5309578761271458,-0.18909711580179725,0.855751244165966,0.46143016493829403,0.2561984928528888
0.6981098651475026,1.248354770878524,0.2427568226124012,-3.0799503925526377,0.1902663107968765,-3.022659294322354,1.0721372572893648,-0.2318263313730184,0.14970903739434055
-0.809200726950437,0.2660528598258433,-1.0658386516735856,-2.1235524670607315,-0.004751650225550003,0.23017732124977155,0.1276649692804383,-1.736218437882901,0.27395879275403273
3.4291256879135767,1.8013849326959483,-1.5826767389812564,-1.7240198093043604,0.8104994023647147,1.4427873710090995,0.7697584692562498,0.4197119991458653,0.029414358098734883
-0.787599512493994,0.4403864469187777,-1.3421176910513433,0.6436031751197837,0.007457645476320075,-1.1824719039712617,0.643133859785247,-1.0877925956039143,-0.17987724452782305
0.8707681220675636,-1.2449612137402986,0.18594215990966562,-0.39960441924604995,1.2835431322566273,0.04492334477125771,-0.9207788284506563,0.31846172181893295,0.30524823461109474
0.38408286629410127,0.2766613594224896,0.43185903863574265,0.8507436126566706,-0.35691181953917295,-1.7146070873374653,-2.1037494934617147,0.5163644272781749,0.156228174279515
0.3492925287077585,1.246975874041648,1.0115005271303397,0.44611180558591407,-1.347246738059729,1.5624979749402779,0.3425888527155813,-2.0861411214344185,0.23404063847590467
-0.6590057894381192,-0.49245487067232674,-0.081565568619334,0.7368225582201277,1.1581745454781558,-0.20557909848503747,0.13095727491529077,-0.11135287795702299,-0.05566618396740615
0.5589616726360019,-0.8008741945558947,0.37418518791515215,-0.7634998162759749,1.7921116126003316,-2.763088817691927,-0.9379554638066975,-1.5171063199835755,0.4594740962496221
2.6123153964453607,0.6374356033588738,0.8505605503788461,0.6634226183927249,0.08308884265101499,-0.6456099019066209,0.26860718843560133,1.1728635859299479,0.30072146631088387
0.8088005716574268,0.014579502954572268,-0.7341369121196835,-0.784873193979016,-0.5576634098275742,0.7955401107514188,0.24256185032326047,2.530937983517681,-0.19627238663900481
-1.6068582318316813,-1.0232230224211747,-0.02384698086029296,0.4469378797900796,-1.077676728588207,-0.6630118529627264,1.2122863127112433,-0.02746162117368451,0.04993092692348425
-0.5969728447570648,-0.7878039148342602,0.5239391644623691,1.4037746951436845,-1.225829977270226,0.18860630087182215,-0.4293028985335127,-1.6523778482964213,0.30434872734058793
-0.09410619547272378,-1.4934065258266869,-0.20423292927708464,-0.3985756531209852,1.7036023016626747,1.2956795678385382,-1.856810998909704,-0.46451182731596374,-0.14262979199967524
0.20141512370674777,0.5338584129706273,-0.043614059057646044,-0.03442807516486873,0.4462748117530388,0.1162276896456829,0.7997838591338118,0.2845730761041722,-0.5678017877733721
-0.5262699687105571,-0.7099781848405858,-0.4263942857977877,0.6085383186515422,-0.6968267259816083,0.6757304858726119,0.3789798299805899,-1.6340077893359728,0.1510744463966613
1.1440113971228518,0.0993657644255037,-1.024276758950056,-0.002932571350261825,-1.2096229089310058,1.926368661244354,-0.12908048550643358,0.9560581254047189,0.43905016714885975
-1.0995953554935558,-1.863601162158023,-1.95604969374899,0.952931104950685,0.5766028462029892,-0.6539042127262267,0.7191487754803441,0.30011043622289374,0.40440628084343394
2.062607896463144,0.49324170341814333,0.48562359625386464,-1.0317199212593462,0.9261498842953823,-0.1415094495049776,0.32085855054180334,-0.9579032762372904,-0.09770096888445676
0.8813488584656182,-0.9712250847690953,0.030201930195948353,0.8550387375156898,-0.42057895781968957,0.8056084635133265,0.27052153226806236,1.240017567282345,-0.1919879743173784
0.6391774706876677,-0.48822133708868426,-0.05273692112413145,0.993508754723848,1.2493150873056693,-0.34326636315385706,-0.5487304982466559,1.2835247630947724,-0.4695030609007476
-0.6298280929032776,1.6295471015660268,0.09116233155337924,1.7969909369789698,-0.8207780710882899,-0.29280173626534267,1.1579699759030104,0.48185394749050636,-0.2805825145411257
-1.1165711683944337,0.06933741671465654,0.7868804136159218,-1.0583767781657734,0.6897494686737458,-0.3708754675875079,0.4354505702267718,-1.5645184738056617,-0.22490292879650173
-1.0169758804925948,-0.20360694850173927,-0.8123786773312837,0.6318624816226593,0.13871469763518435,-0.38951784887672003,-0.4463340580348442,0.1759842171697281,0.04098047970851186
-0.6048831759779679,0.06334253007792345,2.1572160919868253,1.08111672724895,-0.8919476568864244,0.8642971441122369,-0.29196880055734853,-0.6969663793902988,-0.22294321707290732
0.7725502886329332,-0.6460066761785122,-0.5304089357019545,-0.4516862416603461,0.02883316327269802,-0.44092339580444534,0.4623402329049061,0.4589484372051624,-0.8123857912627239
-1.0526783783961715,-0.08774278044514924,-2.378355746533557,2.227845300847955,0.9412402916846462,-1.737924374511829,-0.8707072326039847,-0.16268120167719158,0.5580235625543447
-1.4416160564965983,0.039832197043343606,0.7582472814691603,-0.13611893617484316,0.38696804470833096,-0.5075806981464673,0.37477006362045434,0.4252662239443126,0.4774488761458444
-0.8275546583047626,0.6037240850878821,-1.3103937723240178,1.2347072970643969,-0.44524144384287934,-1.338308011792195,0.8904256675719413,0.40762475960677363,-0.1143969041831566
0.3275745968458901,0.05174553227238654,2.1636800059151415,-1.0184337271728516,0.06485773693161033,-0.36432050924399584,0.8974796898193774,0.44975709086409055,0.036337157933336084
1.5111961175073982,-0.40258564472003733,-0.12470519445261558,0.17664711958669094,-1.0402459197560308,0.021173432232734164,-1.7230776390565232,1.9101368459975836,-0.09404439940298087
0.2557946996064621,-0.0074546067509439215,-0.9619044472457886,-0.3078117565771754,-1.7384049298316517,-0.8633208330418286,-0.9845271487577368,-2.421133910072651,-0.49797000052177554
-1.2361216779413478,-1.0545721520308684,-0.1274903352767071,0.5774151867649396,0.36668024632433005,0.6010700196809311,-2.121545332533545,0.8657845395288051,-0.025531549189330288
